{"stat.useItem.dust.yellow/blockYellowCrystalFive":7,"stat.flyOneCm":9111,"stat.walkOneCm":1914,"stat.useItem.dust.black/blockBlackCrystalFive":3,"stat.jump":5,"stat.playOneMinute":6881,"achievement.openInventory":13,"stat.useItem.dust.orange/blockOrangeCrystalFive":6,"stat.useItem.minecraft.stone":11,"stat.useItem.dust.green/blockGreenCrystalFive":2,"stat.useItem.dust.purple/blockPurpleCrystalFive":2,"stat.useItem.dust.white/blockWhiteCrystalFive":2,"stat.leaveGame":1,"stat.sneakTime":114,"stat.useItem.dust.purple/blockPurpleCrystalThree":1,"stat.crouchOneCm":93,"stat.pickup.minecraft.item_frame":35,"stat.timeSinceDeath":6881,"stat.useItem.dust.purpleOre":1,"achievement.exploreAllBiomes":{"value":0,"progress":["Plains"]},"stat.useItem.minecraft.glowstone":8,"stat.useItem.dust.blue/blockBlueCrystalFive":3}