{"stat.useItem.dust.purple/log_purple":1,"stat.flyOneCm":1379,"stat.walkOneCm":1394,"stat.jump":2,"stat.useItem.dust.yellow/log_yellow":1,"stat.useItem.dust.orange/log_orange":1,"stat.playOneMinute":952,"stat.useItem.dust.white/log_white":1,"stat.useItem.dust.blue/log_blue":1,"stat.leaveGame":1,"stat.sneakTime":25,"stat.useItem.dust.green/log_green":1,"stat.crouchOneCm":13,"stat.timeSinceDeath":952,"stat.useItem.dust.red/log_red":2,"achievement.exploreAllBiomes":{"value":0,"progress":["Plains"]},"stat.useItem.dust.white/log_black":2}