{"stat.useItem.dust.purple/log_purple":1,"stat.flyOneCm":6434,"stat.useItem.dust.orange/log_orange":1,"stat.useItem.dust.yellow/log_yellow":1,"stat.playOneMinute":1036,"stat.useItem.dust.white/log_white":1,"achievement.openInventory":2,"stat.useItem.dust.blue/log_blue":1,"stat.leaveGame":1,"stat.sneakTime":17,"stat.useItem.dust.green/log_green":1,"stat.timeSinceDeath":1036,"stat.useItem.dust.red/log_red":1,"achievement.exploreAllBiomes":{"value":0,"progress":["Plains"]},"stat.useItem.dust.black/log_black":2}