{"stat.flyOneCm":59050,"stat.walkOneCm":5160,"stat.drop.dust.bit":1,"stat.drop":1,"stat.jump":2,"stat.playOneMinute":8961,"stat.useItem.dust.red/blockRedCrystalFive":7,"achievement.openInventory":15,"stat.useItem.dust.redOre":1,"stat.useItem.minecraft.end_rod":1,"stat.useItem.dust.blue/log_blue":4,"stat.leaveGame":1,"stat.sneakTime":265,"stat.crouchOneCm":2,"stat.timeSinceDeath":8961,"stat.useItem.dust.red/log_red":5,"stat.useItem.minecraft.spawn_egg":14,"achievement.exploreAllBiomes":{"value":0,"progress":["ForestHills","Plains","Taiga"]},"stat.useItem.dust.leaves":74,"stat.pickup.dust.bit":1}