{"stat.flyOneCm":2558,"stat.walkOneCm":321,"stat.drop":1,"stat.jump":2,"stat.playOneMinute":1515,"stat.useItem.dust.red/blockRedCrystalFive":2,"achievement.openInventory":2,"stat.useItem.dust.red/blockRedCrystalOne":2,"stat.pickup.dust.red/blockRedCrystalFive":1,"stat.useItem.dust.red/blockRedCrystalTwo":2,"stat.leaveGame":1,"stat.sneakTime":47,"stat.useItem.dust.red/blockRedCrystalThree":2,"stat.timeSinceDeath":1515,"achievement.exploreAllBiomes":{"value":0,"progress":["Plains"]},"stat.useItem.dust.red/blockRedCrystalFour":3,"stat.drop.dust.red/blockRedCrystalFive":1}