{"stat.useItem.dust.purple/blockpurpleCrystalTwo":1,"stat.useItem.dust.green/blockgreenCrystalFour":1,"stat.useItem.dust.yellow/blockyellowCrystalFive":1,"stat.useItem.dust.blue/blockblueCrystalTwo":1,"stat.useItem.dust.orange/blockorangeCrystalFive":1,"stat.useItem.dust.green/blockgreenCrystalOne":1,"achievement.openInventory":10,"stat.useItem.dust.white/blockwhiteCrystalThree":1,"stat.useItem.dust.white/blockwhiteCrystalTwo":1,"stat.useItem.dust.blue/blockblueCrystalFive":2,"stat.leaveGame":1,"stat.useItem.dust.purple/blockpurpleCrystalFour":1,"stat.useItem.dust.yellow/blockyellowCrystalTwo":1,"stat.useItem.dust.green/blockgreenCrystalFive":1,"stat.useItem.dust.yellow/blockyellowCrystalFour":1,"stat.useItem.dust.green/blockgreenCrystalThree":1,"stat.useItem.dust.orange/blockorangeCrystalTwo":1,"stat.useItem.dust.orange/blockorangeCrystalThree":1,"stat.flyOneCm":15616,"stat.useItem.dust.blue/blockblueCrystalOne":1,"stat.useItem.dust.white/blockwhiteCrystalFour":1,"stat.playOneMinute":9420,"stat.useItem.dust.blue/blockblueCrystalThree":1,"stat.useItem.minecraft.item_frame":40,"stat.useItem.dust.purple/blockpurpleCrystalOne":2,"stat.useItem.dust.white/blockwhiteCrystalOne":1,"stat.sneakTime":121,"stat.useItem.dust.green/blockgreenCrystalTwo":1,"stat.useItem.dust.purple/blockpurpleCrystalFive":1,"stat.useItem.dust.orange/blockorangeCrystalFour":1,"stat.useItem.dust.yellow/blockyellowCrystalThree":1,"stat.timeSinceDeath":9420,"stat.useItem.dust.purple/blockpurpleCrystalThree":1,"stat.useItem.dust.white/blockwhiteCrystalFive":1,"stat.useItem.dust.blue/blockblueCrystalFour":1,"stat.useItem.dust.orange/blockorangeCrystalOne":1,"stat.useItem.dust.yellow/blockyellowCrystalOne":1,"achievement.exploreAllBiomes":{"value":0,"progress":["Plains"]}}